hxjylsbh,jyrq,rz
1,2020/3/10,#aaaa:1#aaaa:15#aaaa:2060013#aaaa:2060014#
2,2020/3/10,#aaaa:1#aaaa:15#aaaa:2060013#aaaa:2060015#
3,2020/3/10,#aaaa:1#aaaa:15#aaaa:2060013#aaaa:2060016#
4,2020/3/10,#aaaa:1#aaaa:15#aaaa:2060013#aaaa:2060017#
5,2020/3/10,#aaaa:1#aaaa:15#aaaa:2060013#aaaa:2060018#
6,2020/3/10,#aaaa:1#aaaa:15#aaaa:2060013#aaaa:2060019#
7,2020/3/10,#aaaa:1#aaaa:15#aaaa:2060013#aaaa:2060020#
8,2020/3/10,#aaaa:1#aaaa:15#aaaa:2060013#aaaa:2060021#
9,2020/3/10,#aaaa:1#aaaa:15#aaaa:2060013#aaaa:2060022#
10,2020/3/10,#aaaa:1#aaaa:15#aaaa:2060013#aaaa:2060023#
11,2020/3/10,#aaaa:1#aaaa:15#aaaa:2060013#aaaa:2060024#
12,2020/3/10,#aaaa:1#aaaa:15#aaaa:2060013#aaaa:2060025#
13,2020/3/10,#aaaa:1#aaaa:15#aaaa:2060013#aaaa:2060026#
14,2020/3/10,#aaaa:1#aaaa:15#aaaa:2060013#aaaa:2060027#
15,2020/3/10,#aaaa:1#aaaa:15#aaaa:2060013#aaaa:2060028#
16,2020/3/10,#aaaa:1#aaaa:15#aaaa:2060013#aaaa:2060029#
17,2020/3/10,#aaaa:1#aaaa:15#aaaa:2060013#aaaa:2060030#
18,2020/3/10,#aaaa:1#aaaa:15#aaaa:2060013#aaaa:2060031#
19,2020/3/10,#aaaa:1#aaaa:15#aaaa:2060013#aaaa:2060032#
20,2020/3/10,#aaaa:1#aaaa:15#aaaa:2060013#aaaa:2060033#
21,2020/3/10,#aaaa:1#aaaa:15#aaaa:2060013#aaaa:2060034#
22,2020/3/10,#aaaa:1#aaaa:15#aaaa:2060013#aaaa:2060035#
23,2020/3/10,#aaaa:1#aaaa:15#aaaa:2060013#aaaa:2060036#
24,2020/3/10,#aaaa:1#aaaa:15#aaaa:2060013#aaaa:2060037#
25,2020/3/10,#aaaa:1#aaaa:15#aaaa:2060013#aaaa:2060038#
26,2020/3/10,#aaaa:1#aaaa:15#aaaa:2060013#aaaa:2060039#
27,2020/3/10,#aaaa:1#aaaa:15#aaaa:2060013#aaaa:2060040#
28,2020/3/10,#aaaa:1#aaaa:15#aaaa:2060013#aaaa:2060041#
29,2020/3/10,#aaaa:1#aaaa:15#aaaa:2060013#aaaa:2060042#
30,2020/3/10,#aaaa:1#aaaa:15#aaaa:2060013#aaaa:2060043#
31,2020/3/10,#aaaa:1#aaaa:15#aaaa:2060013#aaaa:2060044#
32,2020/3/10,#aaaa:1#aaaa:15#aaaa:2060013#aaaa:2060045#
33,2020/3/10,#aaaa:1#aaaa:15#aaaa:2060013#aaaa:2060046#
34,2020/3/10,#aaaa:1#aaaa:15#aaaa:2060013#aaaa:2060047#
