jylsbh,jyrq,jydqdh,jyjgdh,jygydh,jydm,czbj,zhdh,sqgy
21,2020/3/10,11,123,11111,2410,chushou,123,22
1,2020/3/10,11,123,11111,2410,chushou,123,23
2,2020/3/10,11,123,11111,2410,chushou,123,23
3,2020/3/10,11,123,11111,2410,chushou,123,23
4,2020/3/10,11,123,11111,2410,chushou,123,23
5,2020/3/10,11,123,11111,2410,chushou,123,23
6,2020/3/10,11,123,11111,2410,chushou,123,23
7,2020/3/10,11,123,11111,2410,chushou,123,23
8,2020/3/10,11,123,11111,2410,chushou,123,23
9,2020/3/10,11,123,11111,2410,chushou,123,23
10,2020/3/10,11,123,11111,2410,chushou,123,23
11,2020/3/10,11,123,11111,2410,chushou,123,23
12,2020/3/10,11,123,11111,2410,chushou,123,23
13,2020/3/10,11,123,11111,2410,chushou,123,23
14,2020/3/10,11,123,11111,2410,chushou,123,23
15,2020/3/10,11,123,11111,2410,chushou,123,23
16,2020/3/10,11,123,11111,2410,chushou,123,23
17,2020/3/10,11,123,11111,2410,chushou,123,23
18,2020/3/10,11,123,11111,2410,chushou,123,23
19,2020/3/10,11,123,11111,2410,chushou,123,23
20,2020/3/10,11,123,11111,2410,chushou,123,23
